ASIN,Adjusted Actual Sales,Estimated Sales (Theory),Adjusted Sales (Full Logic),Estimated Sales (Category Curve),Accuracy - Theory,Accuracy - Full Logic,Accuracy - Category
B00000IU72,12.0,47.436433208330186,34.12332957290485,48.34031699606562,-1.9530361006941823,-0.8436107977420708,-2.0283597496721346
B0000AN4CV,60.12587412587413,19.74515509265575,13.821608564859025,9.583354191044913,0.3283969735112552,0.22987788145787869,0.15938818903459206
B0001IWI10,26.086092715231793,18.35957236830059,11.775529666628005,19.564229313180466,0.7038069123161688,0.45141025124671963,0.7499869576771387
B0001P0DLU,284.0,191.49940219879758,107.72317645856972,196.07524120978852,0.674293669714076,0.379306959361161,0.690405778907706
B0001P15T4,255.37946428571428,121.59163499838124,83.72494052627248,102.15742741591872,0.47612142714163797,0.32784523516974096,0.400022091445954
B0002TT36Q,32.114558472553696,37.07792487786445,30.034490843032813,80.27220701578977,0.8454480883007428,0.9352297609416431,-0.4995581703043934
B0009JJZ8A,11.0,97.24900093578758,77.77693005647326,115.0881789895041,-6.84081826688978,-5.070630005133933,-8.462561726318555
B000FGECAI,126.56537753222835,209.24725070847995,151.97265124777087,35.64670806156493,0.3467259783964406,0.7992557347757063,0.2816465984347728
B000FPU2SK,32.12632617813965,92.41128946653195,66.42807437456509,72.41625475923477,-0.8764972675093237,-0.06771462152949348,-0.2541094290610295
B000FPYPM4,1.0182370820668694,16.492676883875937,13.19414150710075,13.13420608861068,-14.197285656105024,-10.95782852488402,-10.89896657657586
B000I4OEVO,48.0,28.30455256115592,21.8026516143913,50.31155744538568,0.589678178357415,0.45422190863315215,0.9518425532211316
B000MQ663C,8.015289058767321,17.37481182226966,13.164315021038789,21.29259386276695,-0.16770869957143497,0.3575994671534227,-0.6564973149005258
B000PSB13C,289.0,142.89074494679718,122.74055261954075,154.5732855088199,0.49443164341452317,0.4247077945312828,0.5348556592000688
B000Q351JG,0.0,115.32215007255512,115.32215007255512,37.03277252527852,-inf,-inf,-inf
B0012B4EXK,22.0,22.992890087166554,18.465312211141168,29.601116279196102,0.9548686324015203,0.8393323732336895,0.6544947145819954
B001E1E9AG,384.0,304.9524195426169,214.55504065555797,901.6647698423051,0.7941469258922315,0.5587370850405156,-0.34808533813100273
B001OXH0X2,2.0,60.563383245720985,39.76556645357026,147.14438619337741,-28.281691622860492,-17.88278322678513,-71.57219309668871
B001Q77TI2,151.0,77.03532941951124,69.50066205359222,95.0098471010865,0.5101677445000745,0.46026928512312726,0.6292042854376589
B0024I0DBW,8.242424242424242,16.45374205802807,13.280251279228557,9.308280828082808,0.0037739414892414835,0.3887930433288883,0.87068651718113
B00284EJ3K,3.0,322.0294558857966,296.595453758606,363.27422538521097,-105.34315196193221,-96.86515125286867,-119.09140846173699
B002BWSZS4,20.0,65.67996839440286,51.45777989178574,46.08146869125124,-1.283998419720143,-0.572888994589287,-0.304073434562562
B002DPGTF0,563.1151832460733,3656.3324809200385,3210.766220102427,201.43972633839823,-4.49304545447192,-3.7017930178937615,0.3577238411104464
B002HY4YSQ,44.0,95.25900255976494,83.78385316475422,116.8897257863376,-0.16497733090374855,0.09582151898285862,-0.6565846769622183
B002KFZKZ8,4.414151925078044,2.2209553619803293,1.7767642895842632,1.6979739308661241,0.5031442958187403,0.40251543665499223,0.38466594709154767
B002QGAF8S,258.0,169.5903095393959,135.83093171281894,146.86397289271602,0.6573267811604492,0.5264764795070501,0.5692402050105272
B003DZUDYC,8.0,43.15998118991542,39.225333335725935,45.70430306780005,-3.3949976487394276,-2.903166666965742,-3.713037883475006
B003M36498,24.0,49.279524442544115,42.960181812655584,50.862587942202765,-0.05331351843933807,0.20999242447268396,-0.11927449759178188
B003OPE57C,47.0,15.988641875111018,15.988641875111018,17.74282219793397,0.3401838696832131,0.3401838696832131,0.3775068552751909
B003SYNGE2,17.0,33.873974319353344,31.00879018832549,30.357471719402636,0.007413275332156188,0.17595351833379458,0.2142663694469038
B003VTZAM0,23.339813374805598,12.253156450011703,8.577209515008192,14.865954591716541,0.5249894784179594,0.36749263489257156,0.6369354524386964
B0049A27FS,257.13375796178343,239.50824526417327,162.88543681113651,132.15248658655204,0.9314539139577708,0.6334657810093741,0.5139445230143342
B004GFPFBO,0.0,2.075372613628007,1.6034834803017448,1.9797532119999122,-inf,-inf,-inf
B004I2N5AS,13.0,286.82908364093055,260.4398102282202,89.5849901779744,-20.063775664686965,-18.03383155601694,-4.8911530906134155
B004R1ZS64,0.0,2343.0716082225517,1659.0797843776645,156.87669154923955,-inf,-inf,-inf
B004S0S0S2,15.327433628318586,84.36028591078298,76.17026081352144,35.083064018592786,-3.503875466465632,-2.9695378013440656,-0.2889066016749331
B004TRSSIQ,24.0,49.81829731106435,36.29567119263043,39.710453839981454,-0.07576238796101453,0.48768036697373207,0.34539775666743944
B004ZMXOMA,0.0,27.45573046552377,19.456322257441244,50.07075324198844,-inf,-inf,-inf
B0052VXJGO,0.0,122.50439531076908,98.34276325899106,66.19524599271041,-inf,-inf,-inf
B0054RRCQY,17.0,49.82654326464629,49.82654326464629,39.58134308568301,-0.9309731332144877,-0.9309731332144877,-0.32831429915782406
B005BFZAK4,19.0,8.742285051737955,7.785411221262814,15.801194267928954,0.460120265880945,0.4097584853296218,0.8316418035752081
B005HXLH3O,178.0,66.40504126439909,55.46281095294907,98.74980066364732,0.3730620295752758,0.31158882557836554,0.5547741610317265
B005WH4C2S,11.0,19.115153537089718,17.247896368060214,20.01701378041824,0.2622587693554802,0.43200942108543505,0.18027147450743286
B00605WJ9O,50.0,905.4234150499743,735.3471793879471,93.35103879703576,-16.108468300999487,-12.706943587758943,0.13297922405928486
B006PFN3BW,2169.0,1071.8479764975807,747.4682039256536,2084.3262559022705,0.49416688635204276,0.34461420190209935,0.9609618514994331
B0073FT7FY,651.0,344.9067456352447,268.6847318493291,1093.240069292764,0.5298106691785633,0.41272616259497563,0.32067577681603066
B0073TTHBY,659.2045454545455,1539.109159903097,824.822941434569,474.688216435746,-0.3347975533782541,0.748760233645198,0.7200924503765842
B0074JFW3A,94.4100580270793,284.70182100901445,200.15403022365788,159.527205539773,-1.0155878193333434,-0.12004985916064603,0.3102731968026502
B007R2ICTK,1542.0,393.26642700851903,275.41185292834854,944.7555338932808,0.2550365933907387,0.17860690851384464,0.6126819285948644
B0084CNKAI,41.557268722466965,211.3296344257807,190.61749101792344,14.087764876338836,-3.085262841432365,-2.5868628251517056,0.3389964092785197
B008ID91XI,22.0,14.98560314141097,10.48992219898768,3.1071428571428577,0.681163779155044,0.4768146454085309,0.14123376623376627
B00ANP09LM,39.0,14.868841547966845,13.381957393170161,15.89066540928672,0.38125234738376523,0.34312711264538875,0.4074529592124799
B00AOES9GE,283.2642487046632,498.07830436878976,418.3252239006802,1489.9705669511063,0.2416478371469466,0.5231979474514123,-3.2600021844076004
B00B2KJ59Y,15.0,785.5016486557847,525.1630365151301,37.333766233766234,-50.36677657705231,-33.01086910100867,-0.488917748917749
B00BA4IOTY,1.0,65.2522720351798,52.041605810279734,36.85270469163597,-63.2522720351798,-50.041605810279734,-34.85270469163597
B00BEUFYE2,2.103305785123967,1.3349603251147104,1.0916405433568888,2.1852804399157746,0.6346962645928486,0.5190118103975778,0.9610258026333646
B00BUY54DI,63.0,31.262082357201088,19.368076671346746,25.667412872260073,0.4962235294793823,0.3074297884340753,0.4074192519406361
B00D1V5FPU,389.2307692307693,39867.1670198886,28243.65880079655,2348.8494730337943,-100.42552791670984,-70.56275976489232,-4.034593507794332
B00D1V5NWK,2208.0,44514.36769986236,37011.065380605796,901.6599582638206,-18.160492617691286,-14.762257871651176,0.40836048834412164
B00D2O8936,17.0,643.7891633830161,470.9657728996504,1420.5565126903412,-35.86995078723624,-25.703868994097082,-81.56214780531418
B00DLILCPU,107.0,95.13521049914411,68.65954668391097,163.61508292270227,0.889114116814431,0.6416780063916914,0.47088707548876385
B00DSYVL7Q,25.556964793352282,109.42845078944858,62.233659221953026,82.33345388301198,-2.2817467439604733,-0.43509586232794173,-1.2215661972672143
B00F4LA0K0,0.0,52.89535663555551,39.17584575803664,54.517972120747125,-inf,-inf,-inf
B00FAQCE08,17.0,15.052649757594654,11.434811977529755,31.154805017476363,0.885449985740862,0.6726359986782209,0.1673644107366845
B00J4S83HQ,4.002724795640328,6.701001687719962,5.549029050840498,5.582916935160835,0.3258899799909969,0.6136870921317479,0.6052208882205404
B00J5H1E9K,58.84057971014492,58.48076758206003,47.00538003675972,48.531939794602046,0.9938849662960942,0.798859907028675,0.8248039029131875
B00LDLBG3A,40.0,53.12249163967665,29.62514653758161,41.61217274472646,0.6719377090080837,0.7406286634395403,0.9596956813818386
B00LXM3PGK,11.0,29.046473460018802,26.432347767891162,40.2366754910113,-0.6405884963653456,-0.4029407061719239,-1.657879590091936
B00M8QBEIG,37.0,46.504755489167735,40.873495411267896,50.80234128959642,0.7431147165089802,0.8953109348305974,0.6269637489298265
B00M9UFVGM,14.0,26.143428254640177,19.127229443670213,18.468953372779733,0.13261226752570165,0.6337693254521276,0.6807890448014476
B00N5SLQ7A,91.0,164.36030930379516,120.56244157205161,243.2546982357975,0.1938427549033499,0.6751380047027296,-0.6731285520417307
B00O5NEUAY,216.94364851957977,726.7865204425793,527.7860921787724,114.94305079566062,-1.3501166104753919,-0.43282573968114213,0.5298290665803322
B00P82UZ6Y,0.0,23.515072825417164,21.47724304345227,17.894098202953302,-inf,-inf,-inf
B00S9IXBVU,0.0,49.68190792918699,45.34398764540814,43.5759692929083,-inf,-inf,-inf
B00TQ5KPNC,10.066159444260668,82.71712834059664,50.74732086367602,39.941666859547865,-6.217347320855198,-3.0413786056816505,-1.9679151796389482
B00VAID1UW,11.0,129.9827573962949,92.17802581869377,6.005519480519481,-9.816614308754081,-6.379820528972161,0.5459563164108618
B00VQTO21M,3.8831312017640576,142.81210344406745,129.20202033399107,84.2800893711014,-34.77756326626041,-31.272638399469024,-19.70415702997983
B00WI8O0RG,184.01273885350318,138.82228432945763,99.97021509013175,102.67726021911236,0.7544167061171634,0.5432787735946931,0.5579899568847574
B00WI9YJVW,88.0,67.42974157360814,53.85195109593793,89.26904478133937,0.7662470633364562,0.6119539897265673,0.9855790365756889
B010E25DI2,159.1078066914498,261.7636304819246,209.84650224575282,63.77997763208511,0.35480335047575406,0.6811049274741237,0.40086013979044144
B011SEA38A,84.0,55.144106477750235,43.363067312089164,67.86338450559623,0.6564774580684551,0.5162269918105853,0.8078974345904313
B014G545T6,47.0,176.0521694913759,141.45197909145,42.90151515151515,-1.7457908402420403,-1.0096165764138298,0.9127981947130883
B016Y8SWZQ,19.206708975521305,19.02388324071377,18.66819722268205,24.567146931062297,0.9904811524431101,0.9719623099654615,0.7209080450808727
B0194LKIR0,7.0,24.804146207735844,22.506877133498577,30.44378541352147,-1.5434494582479776,-1.215268161928368,-2.349112201931639
B01CKK8CU2,12.0,15.371046161743743,14.324763760835468,8.065706570657065,0.7190794865213548,0.8062696865970443,0.6721422142214222
B01CWYES90,134.31760361099714,1629.951663790217,1441.1350069000266,1887.3703941617775,-10.13505616516796,-8.729308505784234,-12.051549040644518
B01FJOSX3W,60.0,80.28352757402568,71.65524143279966,129.5718891914758,0.6619412070995719,0.8057459761200058,-0.1595314865245967
B01G263L1K,305.1871135698015,129.97376916385608,76.26816359908369,109.36684408182946,0.4258822321936895,0.2499062385268107,0.3583599674395014
B01H8QOUTA,371.1094339622642,56203.69741031018,36083.02665603491,228.2326348938192,-149.4477732625498,-95.23015195486508,0.6150008973283788
B01H8QOWA2,110.0,3872.231966433116,2805.8056840263757,288.4191486274612,-33.202108785755605,-23.507324400239778,-0.6219922602496473
B01JH0N5SC,5.0,6.196550098276896,4.503742280763564,5.3708014038636325,0.7606899803446208,0.9007484561527128,0.9258397192272735
B01JM7KWSG,51.0,68.53803620968394,62.303755006688895,433.6005702026024,0.6561169370650208,0.7783577449668844,-6.50197196475691
B01LXHKR4T,10.04192286193404,75.42610893192176,49.96882494275,26.16049761596792,-5.511122119633066,-2.97602158767491,-0.6051283181167055
B01N58L3PP,54.93069306930693,1711.5095011786302,1369.2076009429043,15.260698797152441,-29.157617090670808,-22.92609367253665,0.2778173357087954
B01NBDFDBC,12.626609442060087,224.4827069676349,134.68962418058092,185.88421978748002,-15.778542054200859,-8.667125232520513,-12.721625836329995
B06WW79DX5,4245.0,1701.8964779747546,1165.2691073127191,3543.0855524464127,0.40091789822726853,0.27450391220558745,0.8346491289626414
B06XGFW1Q2,0.0,62.280622281062875,50.74556943948262,7.3893851031302775,-inf,-inf,-inf
B06XGSJS7N,194.16837782340863,344.74362425253577,268.26484937307134,66.57206003431743,0.22451200284491424,0.6183906340452017,0.34285737348469314
B071X4RKYL,0.0,37.745883886637145,37.745883886637145,1.5535714285714288,-inf,-inf,-inf
B072YZPBJ3,1.0041562759767249,7.8649412376450725,4.802455332530731,14.860536120330742,-5.83238767291972,-2.7825776200616468,-12.799027278773083
B074JHRC6J,18.04736842105263,9.877976284162916,6.57972379538331,12.43579847340405,0.5473361020679364,0.3645807877290256,0.6890643656887634
B075XT2J8X,8.0,7.890582339681998,6.4448942360532575,12.110123850484504,0.9863227924602498,0.8056117795066572,0.486234518689437
B076V4V2QQ,93.67711526670755,68.6735475893988,54.5166929575025,44.87289675179393,0.7330877706244343,0.5819638318525112,0.47901663735093225
B076VTQGGL,0.0,124.94310665509767,91.87087313617425,11.831393375771631,-inf,-inf,-inf
B0788CGDMC,61.468788249694,186.96234047473294,129.65196918468655,36.95392994303621,-1.0415816839477663,-0.10923255324350678,0.601182014405826
B078K3B7R6,797.4844961240311,2286.4606653346973,1890.6583438317691,2150.515069054892,-0.8670910549953674,-0.37077755495038334,-0.6966230434659473
B07978WZ4L,8.0,12.684946406591294,8.066237659227031,18.7670967383622,0.41438169917608825,0.9917202925966211,-0.3458870922952748
B07B8RJDXT,29.353096876654313,465.88745263730914,283.32253943171656,233.60282986997854,-13.871833033326306,-7.652219683063638,-5.958370827160393
B07BBZZ8RC,5.0,127.91384461840853,105.06290333355746,138.0163157951304,-23.582768923681705,-19.012580666711493,-25.603263159026078
B07BC5J1WW,5.0,636.9398458461108,562.0004912607151,1464.9464792290867,-125.38796916922215,-110.40009825214301,-290.9892958458173
B07BC5K5W5,4906.0,95846.00562129181,86473.03858521339,1544.7785679215235,-17.536487081388465,-15.625976067104236,0.31487537055065706
B07C8QSSR2,1229.0,654.0642498757063,514.4770771408724,1948.7563237149343,0.5321922293537074,0.4186143833530288,0.4143561239097361
B07CPKRL8Z,8.0,5.392765438965556,3.9569462126156973,6.744374204895603,0.6740956798706945,0.4946182765769622,0.8430467756119504
B07DFB8DKB,34.0745147150908,48.45893371940034,34.4488466254168,80.49296486486031,0.5778540318304513,0.9890143142622596,-0.36226298563283343
B07DFCXCQF,37.0,39.049583795965084,21.890156721334726,38.70255261834127,0.944605843352295,0.591625857333371,0.9539850643691548
B07DY1R6YX,0.0,124.32961327761032,99.46369062208825,4.098484848484849,-inf,-inf,-inf
B07FFHPY7X,52.0,20.01305374767357,15.568155560764767,27.329116510875764,0.38486641822449175,0.299387606937784,0.525559932901457
B07J9JGZZV,380.8353510895884,196.94994868583586,169.8934042970726,379.3233996128824,0.5171524862971688,0.4461072319336935,0.9960299077478488
B07JXBDGJB,12.094986807387864,30.237864135359334,25.311301938945306,77.75388806373807,-0.500032833180887,-0.09271017339883736,-4.428604619580438
B07L8N2TC1,2.0,7.1794238534066,4.456758200096412,7.868721667792598,-1.5897119267033002,-0.22837910004820605,-1.934360833896299
B07NGGSR3D,67.1715976331361,98.16763398904934,80.32764040311696,123.34558448072484,0.5385544270481557,0.8041427741255492,0.16372412110266954
B07NH5TQSF,22.20091324200913,19.12623629997844,14.288282885079605,26.510464353112315,0.8615067358484737,0.6435898708005829,0.8058840614291243
B07NJCFPKF,34.44328552803129,541.8492560752209,302.5754048474079,255.95437483925096,-13.731636740468408,-6.784742808613895,-5.431183492380404
B07QGGFKYK,7.0,7.602816426346202,6.6111887895384225,7.0,0.9138833676648284,0.9444555413626318,1.0
B07QPB3T1J,224.0,90.090392375775,82.58674787508438,100.87701264309962,0.4021892516775669,0.3686908387280552,0.450343806442409
B07QQDMJ6M,381.0,214.7291360836229,195.09384806092626,230.3172928310061,0.5635935330278816,0.5120573439919325,0.6045073302651078
B07QXSDZJM,99.0,32.58982490093795,23.38395312595131,44.64125187206564,0.3291901505145246,0.23620154672678084,0.4509217360814711
B07RBWJ6W8,7935.083333333333,12568.05173092753,8294.666751786797,1434.4460880811034,0.41614117924480565,0.954684355116607,0.1807726557899333
B07RRQX71T,0.0,5.661418043976309,5.095276239578679,4.862653695628171,-inf,-inf,-inf
B07RX3FCV7,19.0,36.9051394749783,29.524563502784595,23.32897673681832,0.057624238159036945,0.44607560511660027,0.7721591191148253
B07SLLYRSP,427.0,201.12794895118793,154.55943922120088,204.33664849180033,0.47102564157186866,0.3619658998154587,0.4785401604023427
B07T2PV79R,11.0,210.77215621878085,182.63326497989434,460.1775481211634,-17.16110511079826,-14.603024089081304,-39.8343225564694
B07T9WVBZ2,0.0,165.52609212330933,82.76304606165466,1138.9834350615645,-inf,-inf,-inf
B07TRJPM5R,282.92035398230087,106.66796211670005,96.1036549152851,211.38823426548882,0.37702470188261195,0.33968448562487397,0.7471651695965041
B07VBB218V,7.0,135.0004322033188,114.56509281586499,137.15967946875259,-17.285776029045543,-14.366441830837855,-17.594239924107512
B07VZ14N9Q,5.0,5.781412806093542,5.203271525484188,6.2392195657203455,0.8437174387812917,0.9593456949031625,0.7521560868559309
B07W45L22P,45.95168329177057,356.018947572861,255.99109122459078,75.60360384094805,-5.74768021689904,-3.570875164663139,0.3547152481683341
B07W65T6VT,39.51231527093596,44.2635338213748,36.04632184495159,55.62087675973539,0.8797534764070458,0.9122806800305665,0.5923154242331026
B0813VNJF8,7.064695009242143,519.7343340953872,490.40245031160293,313.28341740075916,-71.5678374530624,-67.4159407688585,-42.34493166243085
B081Q9CFGC,144.0,45.54801443910591,38.75382220497292,79.48184932323718,0.31630565582712444,0.26912376531231197,0.5519572869669249
B081QV8W38,4.0,5.3651484576178,4.479527313232266,11.254597082922,0.65871288559555,0.8801181716919335,-0.8136492707305001
B082L15JYR,3466.1946902654863,66103.52470883085,61134.01807823057,10388.576211750018,-17.07092088464534,-15.637214161662722,-0.9971127244887463
B084HF25YN,47.9685534591195,145.5059998320835,144.06429742461086,199.66468217448374,-1.033362262134689,-1.0033071050889109,-2.162407822963539
B084HZRR8G,52.0,40.68565037305722,26.330488963768538,50.34995849118774,0.7824163533280235,0.5063555569955488,0.9682684325228412
B08563KQKG,0.0,650.8027809163453,539.5152732507304,209.05810697848344,-inf,-inf,-inf
B086763VT8,43.0,67.27192551319533,50.216463805727415,83.63478712352062,0.4355366159722017,0.8321752603319206,0.055004950615799464
B086ZD7MG6,0.0,191.61533229103952,154.80844167333098,132.9147902279383,-inf,-inf,-inf
B087V742Y5,42.90706319702603,171.93092200341047,112.12129806219022,14.240502888799732,-2.007054065059558,-0.6131198387393144,0.3318918105256565
B089B7YDRN,36.399658411614006,40.87070500003225,24.61495158676066,38.71563308611907,0.8771678970758782,0.676241279750768,0.9363737250411639
B08BTN21C4,26.0,16.586168777309354,14.408552712920345,22.19418634956901,0.637929568358052,0.5541751043430903,0.8536225519065004
B08C34199M,35.0,68.54858400255647,59.244556908129205,124.7701142640029,0.04146902849838663,0.3072983740534513,-1.5648604075429398
B08F8MQT1G,215.22935779816513,2931.3795489096315,2890.609112853699,301.02904763434134,-11.619794153075441,-11.430366295867572,0.6013569398063423
B08FSDMVNP,538.3314606741574,3095.4928408401556,2220.666400481438,479.4221605785732,-3.750161502661654,-2.125091254559927,0.8905705789109715
B08G4Q5KK8,88.30357142857142,1074.0017708962368,1068.147989700112,107.92912560574621,-10.162608527844139,-10.096316971325841,0.7777490325739558
B08KFFY86W,29590.845653939887,2815670.1163870273,2016621.5437972073,18605.114256133184,-93.15341836849916,-66.15018291066322,0.6287456084803037
B08M52B4M5,403.1980198019802,184.61884913435375,151.5136338400099,387.3609726064776,0.45788629920609314,0.3757797072377035,0.9607214162329455
B08M8CQHHV,5.0,5.32878034273271,4.964951921338527,9.547854088514605,0.9342439314534581,0.9929903842677055,0.09042918229707908
B08MQ1N1CC,23.0,391.369332512453,257.9473532880161,189.9341209278489,-15.016057935324046,-9.215102316870263,-6.258005257732561
B08MW8XMNQ,40.0,63.67430824587179,60.63897208518325,58.027015924815494,0.4081422938532052,0.4840256978704188,0.5493246018796126
B08P63MSS9,1.0138888888888888,191.7207076020908,173.9809728867758,43.560454424212296,-187.0943965390485,-169.59767188832683,-40.96373587045597
B08T5WCLF2,5.0,27.88647363121921,23.638783876714875,60.70061051990242,-3.577294726243842,-2.727756775342975,-10.140122103980485
B08W25WKTN,39.96164383561644,266.640009485484,199.34929233121275,16.568740862319295,-4.6723984274099575,-2.9885158165976033,0.41461609863886895
B08WPCW7TH,0.0,44.86029857321252,44.86029857321252,27.85811786857744,-inf,-inf,-inf
B08WX4Y25G,52.2837528604119,101.28681032345438,76.32231791574965,122.80670379824076,0.06274789428617122,0.5402287758586048,-0.3488502083259457
B08WYJM23V,23.16546762589928,37.96765228091369,28.769847036673845,47.03086712917752,0.36102370588602384,0.7580718204665637,-0.03021445060735295
B08XLT86GL,0.0,69.08075363973423,55.264602911787385,16.806796716745815,-inf,-inf,-inf
B0913SVFD3,65.76782077393075,4729.552586890053,3493.526107410348,272.0938232551892,-69.91286758835055,-51.11907960914408,-2.137187762241357
B093FQYQJH,6.0,37.5333780567513,31.627939999443015,112.7169322553519,-4.255563009458551,-3.2713233332405025,-16.786155375891983
B094D24L5J,240.80327868852459,765.681025224956,703.3982104539125,243.2823295173623,-1.1796951827028606,-0.92104914137713,0.9897050785922049
B096BPSDRZ,13.0,15.594438647440597,11.88635941079874,20.044135962192964,0.8004277963507233,0.9143353392922108,0.45814338752361816
B099FBD93Y,0.0,393.3682007868448,362.93778584708946,292.8163593066887,-inf,-inf,-inf
B09DL7M3NJ,84.10028818443804,46.09605668863574,46.09605668863574,43.41734034146451,0.5481081894457216,0.5481081894457216,0.5162567367931858
B09LHXLGKD,7.0,104.80504974256347,82.99112708670793,76.07947586723378,-12.972149963223353,-9.855875298101134,-8.868496552461968
B09M3PFZC8,2.328358208955224,188.78202341322148,188.78202341322148,272.90858494399254,-79.07945877362717,-79.07945877362717,-115.21073840543268
B09M3PQRBG,7.949044585987261,161.27545680902384,161.27545680902384,272.90858494399254,-18.288659229981366,-18.288659229981366,-32.33224986875547
B09M3RB8R1,4.423255813953488,101.9324196466335,91.73917768197016,229.24255702384386,-21.04465849003807,-18.740192641034266,-49.82665589918658
B09P244SML,31.56221198156682,247.28622301166072,188.13110065512672,38.52076122980834,-5.8348825220514495,-3.960643720566871,0.7795291010558606
B09P24GP9M,0.0,255.6529854936718,203.07945243747105,38.46963254015793,-inf,-inf,-inf
B09P24SGN5,63.01273885350318,338.8389722492952,266.1378003535952,39.73964200880067,-3.3773090713776757,-2.2235555095031283,0.6306604463137275
B09QFWDJHP,40.0,91.02391059690767,46.457323516837576,112.24913137826155,-0.2755977649226917,0.8385669120790606,-0.8062282844565387
B09SBGM9Q8,69.0,75.55877906297741,52.7183552115526,100.13266794683301,0.9049452309713419,0.7640341335007623,0.5488019138140143
B09ST7SSLW,45.20547945205479,980.748438364712,810.1612977546267,68.59838242535193,-19.69534424261333,-15.921749920026596,0.48252063119676014
B09XVMV632,124.6801099908341,98.48166840215708,49.24083420107854,162.7213318609588,0.7898747314980472,0.3949373657490236,0.6948894104045841
B0B18N781Q,17.903225806451616,81.85726156881536,58.56491593809277,28.692554976413952,-2.5722074029428392,-1.2711935028484245,0.397352785101203
B0B1P26Q8H,278.08395061728396,420.60867187202535,373.0593933233629,74.97809816922495,0.48747591891452746,0.6584648538858329,0.2696239678801685
B0B337ZY41,896.0,391.41341589172504,257.86024634746656,177.1033723165948,0.43684533023630023,0.2877904535127974,0.19766001374619957
B0B4YLLV8J,15.065913370998118,39.40332003294381,38.774584480657,34.117673577789375,-0.6153953671866452,-0.573663044903608,-0.2645605837257696
B0B6GC25G1,2.0,15.190772063818562,7.739271949999227,28.395507995875366,-5.595386031909281,-1.8696359749996136,-12.197753997937683
B0B6GD6QF8,5.0,50.68844363822007,30.11567037465475,79.58737277542555,-8.137688727644015,-4.02313407493095,-13.91747455508511
B0BHCWWGKS,56.21621621621621,35.98968337892942,29.859236249054142,42.442127685887975,0.6402010985674946,0.5311498755841362,0.754980155950892
B0BLQRDTLL,11.0,40.60980503339352,24.022678165328966,76.2780130286406,-1.691800457581229,-0.1838798332117242,-4.934364820785509
B0BLTGP2JX,0.0,919.6307118906506,648.8139897489799,30.31697568922842,-inf,-inf,-inf
B0BWFT5RGN,21.0,47.127510172292446,32.847951030768606,74.76776537282608,-0.24416715106154507,0.43581185567768543,-1.5603697796583846
B0BZQCZYN7,73.0,639.1422490570855,491.7673601318463,75.04262338896147,-6.755373274754596,-4.736539179888306,0.9720188576854593
B0C18VY3LL,22.0,41.865155556002776,28.420595217129197,43.82505852165548,0.09703838381805563,0.7081547628577638,0.007951885379296475
B0C3WPYJHL,57.25083612040134,154.6191707740274,115.65158965730178,118.78394567920448,-0.7007320984597609,-0.020085600393342284,-0.07479844363139021
B0C4S2Y186,6.0,25.144640269127994,18.54440586818657,35.17022760498297,-2.1907733781879988,-1.0907343113644283,-3.861704600830495
B0C9J86XCZ,759.4108527131783,7557.781730738587,5364.6235992220745,723.5581480215424,-7.952164501911698,-5.064191379482745,0.9527887907269912
B0C9LJNJWZ,0.0,1255.327328855112,1004.2618630840896,13.202894881887293,-inf,-inf,-inf
B0CD8DY9LF,875.0,7557.090039160461,6045.672031328369,719.8157595161094,-6.6366743304690985,-4.909339464375279,0.8226465823041251
B0CDH5Y3N9,0.0,380.7051452097734,208.4431875554798,1075.7065775581443,-inf,-inf,-inf
B0CHBQ7M5H,31.571428571428577,201.44262756411106,172.79432697465265,156.55269994665997,-4.380535714700349,-3.4731234788351504,-2.95868280374036
B0CJ8TNZ67,24.662393162393162,13945.838050422999,9414.12193290803,126.72660649299638,-563.4697805924419,-379.71972488311894,-3.1384553663769115
B0CJMMYYCJ,286.3606557377049,4666.802719325845,3495.750640173087,194.30406028885423,-14.296941028101473,-10.207510250203706,0.6785291777891063
B0CJMRL1WT,385.5260115606937,5059.443822896573,3667.042589966687,177.6402332647857,-11.123482388165813,-7.511790333216936,0.4607736649095586
B0CMY2G83J,0.0,740.4065755228045,370.20328776140224,32.3487238562064,-inf,-inf,-inf
B0CND68C7W,67.0,22.897568877180486,21.324593706532216,25.61636924880972,0.3417547593609028,0.31827751800794346,0.3823338693852196
B0CRRPLF9J,48.0,367.9254124473689,309.32849638520753,188.84431587787518,-5.665112759320185,-4.444343674691823,-1.9342565807890661
B0CT2BZ864,4.619289340101522,494.65644870281477,397.65992396215626,156.92627950106237,-105.08496746643354,-84.08681870389537,-31.97195281506516
B0CVHD7892,1.0,4.347207387755928,3.4777659102047425,5.663119368298187,-2.347207387755928,-1.4777659102047425,-3.6631193682981866
B0D2Y4NPKZ,22.0,89.19753421203066,82.36313677248384,24.868436843684368,-2.054433373274121,-1.743778944203811,0.869616507105256
B0D3J9C8NN,18.857142857142858,333.8031554996229,303.236997789192,34.54906550025208,-15.701682488616367,-14.080749882760182,0.16785258710784445
B0D3JBV3MY,45.949367088607595,151.1207792790784,144.12253780106064,18.04370338414514,-1.2888544250818712,-1.1365510981498046,0.39268665767147826
B0D3JC45CK,100.43478260869564,278.76301427570473,272.5632021235497,43.006647721852524,-0.7755624798013896,-0.7138327484162958,0.4282047175768866
B0D3JCMSF5,54.92307692307692,149.273094248403,140.53700091888462,48.2623648080775,-0.7178574583042565,-0.5587969354978992,0.8787265301190582
B0D3JD4FFD,25.090909090909093,102.0838170278308,98.31925179415828,37.28225662845233,-2.0685579250222417,-1.918520904839641,0.5141129604602334
B0D9KZGL4H,66.0,296.18843994597034,244.7799723325499,87.96830654442087,-2.4877036355450053,-1.7087874595840895,0.6671468705390777
B0DN6KL887,0.0,0.0,0.0,27.713007355761228,,,-inf
